round,samples,recall_at_10,recall_at_50,mean_distance_error
0,191,0.400000,0.380000,0.010062
1,214,0.400000,0.380000,0.010062
2,235,0.400000,0.380000,0.010062
3,204,0.400000,0.380000,0.010062
4,193,0.400000,0.380000,0.010062
5,229,0.400000,0.380000,0.010062
6,183,0.400000,0.380000,0.010062
7,203,0.400000,0.380000,0.010062
8,200,0.400000,0.380000,0.010062
9,190,0.400000,0.380000,0.010062
10,215,0.400000,0.380000,0.010062
11,190,0.400000,0.380000,0.010062
12,187,0.400000,0.380000,0.010062
13,226,0.400000,0.380000,0.010062
14,182,0.400000,0.380000,0.010062
15,212,0.400000,0.380000,0.010062
16,214,0.400000,0.380000,0.010062
17,233,0.400000,0.380000,0.010062
18,200,0.400000,0.380000,0.010062
19,192,0.400000,0.380000,0.010062
