bin,mean_pred,mean_actual,count
0,1.219126941,1.525,40
1,1.736739908,1.634146341,41
2,2.044167944,1.731707317,41
3,2.281063245,1.8,40
4,2.455415742,1.975609756,41
5,2.627960984,2.292682927,41
6,2.775590034,2.425,40
7,2.963759441,2.658536585,41
8,3.13357234,3.170731707,41
9,3.505946978,3.219512195,41
