arm,reward,affinity,completion,skip,like,share,follow,regret,cumregret,align,impressions,feed,total_reward,topics,creators,topics_per_item,creators_per_item,ils,thhi,chhi,rep,p50,p95,rerank_p50,rerank_p95
hnsw_ranker,0.214100,0.242106,0.535596,0.367663,0.122843,0.045182,0.035353,0.541613,2136.662464,0.424664,2000000,10.000000,428199.571342,2.312840,8.108925,0.231284,0.810892,0.696216,0.718145,0.158308,0.000000,2.471792,3.042791,0.000041,0.000166
constraints,0.184821,0.213190,0.504729,0.394369,0.112438,0.041151,0.028100,0.547876,2161.370019,0.384953,1264139,6.320695,233638.855036,2.765255,5.856920,0.437492,0.926626,0.614933,0.565609,0.239121,0.000000,2.487208,3.068044,0.026958,0.033375
constraints_mmr,0.181631,0.209598,0.500687,0.397717,0.110787,0.040728,0.027120,0.555450,2191.250942,0.381419,1287258,6.436290,233806.086806,2.822560,5.997515,0.438538,0.931828,0.606562,0.552869,0.229948,0.000000,2.485625,3.065667,0.028459,0.036458
complete_system,0.184141,0.210076,0.504501,0.394248,0.111737,0.041020,0.026965,0.554533,2187.632966,0.382588,1299699,6.498495,239327.379777,2.845075,6.040355,0.437805,0.929501,0.594645,0.543320,0.226906,0.000000,3.314604,8.178294,0.024334,0.035042
