{
  "bias": 2.4126870805936007,
  "feature_names": [
    "similarity",
    "session_topic",
    "quality",
    "freshness",
    "popularity",
    "trending",
    "creator_affinity",
    "exploration",
    "duration_match",
    "repetition",
    "impression_count",
    "visual_match",
    "music_match",
    "emotional_match",
    "clickbait",
    "emotional_intensity",
    "usefulness",
    "production_quality",
    "information_density",
    "language_match",
    "save_popularity"
  ],
  "hyperparams": {
    "batch_size": 32,
    "epochs": 200,
    "init_sd": 0.01,
    "l2": 0.0001,
    "learning_rate": 0.1,
    "seed": 4242
  },
  "model_schema_version": 1,
  "model_type": "linear_regression",
  "n_train": 1800,
  "scaler_mean": [
    0.8133490588888902,
    0.8392089644444454,
    0.7517228327777759,
    0.9945548788888889,
    0.7827883599999998,
    0.6049800666666669,
    0.009805555555555534,
    0.0,
    0.8709134127777779,
    0.2522599855555571,
    0.5698347366666668,
    0.5154454550000002,
    0.5181502083333335,
    0.5638502705555559,
    0.2241624733333336,
    0.5440100294444427,
    0.4299076877777776,
    0.7858343127777752,
    0.44255308000000065,
    0.4716666666666667,
    0.0
  ],
  "scaler_std": [
    0.04719750037138125,
    0.11919568839202027,
    0.14899930310978818,
    0.04001447985439224,
    0.19613877585994305,
    0.08238509165105191,
    0.049624321682710436,
    1.0,
    0.19040185390018668,
    0.24954766892783767,
    0.16008504026582102,
    0.09440368820033927,
    0.08801197332922271,
    0.1271793231873257,
    0.2883957840074544,
    0.16617549174670967,
    0.24339446134196185,
    0.17442474129358473,
    0.22249994081475907,
    0.49919657673327894,
    1.0
  ],
  "target": "satisfaction",
  "weights": [
    -0.2945587402927557,
    0.11443082243354676,
    -0.09213019246125993,
    0.14831349700921442,
    0.2621938273455702,
    0.11395929325696928,
    0.05202641838686944,
    0.006444943358694481,
    -0.13600803883446602,
    -0.40333217980000136,
    0.07150672714760109,
    0.09654029743382099,
    -0.041943029228753245,
    0.05105899102116756,
    -0.1282519699826228,
    0.02016263035159827,
    0.22621391861084647,
    -0.049160713673244455,
    -0.005395911101285828,
    -0.021462988828594952,
    0.009799581566403098
  ]
}
