{
  "bias": -1.2866246680441056,
  "feature_names": [
    "similarity",
    "session_topic",
    "quality",
    "freshness",
    "popularity",
    "trending",
    "creator_affinity",
    "exploration",
    "duration_match",
    "repetition",
    "impression_count",
    "visual_match",
    "music_match",
    "emotional_match",
    "clickbait",
    "emotional_intensity",
    "usefulness",
    "production_quality",
    "information_density",
    "language_match",
    "save_popularity"
  ],
  "hyperparams": {
    "batch_size": 32,
    "epochs": 200,
    "init_sd": 0.01,
    "l2": 0.0001,
    "learning_rate": 0.1,
    "seed": 4242
  },
  "model_schema_version": 1,
  "model_type": "logistic_regression",
  "n_train": 88842,
  "scaler_mean": [
    0.8134802320861694,
    0.8398983014114831,
    0.7543329658831447,
    0.9950937032259529,
    0.7731564212309504,
    0.6043787101258457,
    0.010071700321919138,
    0.0,
    0.8799595605119312,
    0.2596143916390301,
    0.5722408064541711,
    0.5182095163661306,
    0.5169450521262442,
    0.5682659791540079,
    0.22835777556785267,
    0.5456770149703623,
    0.4348271517075151,
    0.7832126624569155,
    0.43899930750100913,
    0.4595011368496882,
    0.0
  ],
  "scaler_std": [
    0.04643974649608292,
    0.12086594816946368,
    0.14782454798185463,
    0.033001716552860196,
    0.19643704352184055,
    0.08365876033769144,
    0.04929336136834075,
    1.0,
    0.1805863283748054,
    0.24528361623150208,
    0.16067464534684806,
    0.09791870067255516,
    0.08801427470142117,
    0.12707145343685297,
    0.2868538596989272,
    0.1697957272289427,
    0.24942982478349957,
    0.17318056802815188,
    0.2205808987063088,
    0.49835714310525747,
    1.0
  ],
  "target": "session_exit",
  "weights": [
    -0.12649475516756645,
    0.0652795488772746,
    -0.20497498164016434,
    -0.0594820706315963,
    -0.516253163469962,
    -0.14994288827502064,
    -0.09092624547812292,
    2.7966963169099744e-05,
    -0.006600665623672808,
    0.43421880330794554,
    0.02039682287156347,
    -0.04092868535302786,
    -0.046000337540320194,
    -0.06850658652792746,
    0.15486848371067755,
    0.06338811254793199,
    -0.1291964406683824,
    -0.010717956697582435,
    0.053687714959371184,
    0.07726833480304497,
    4.252396359239889e-05
  ]
}
