{
  "bias": -2.5424062512498984,
  "feature_names": [
    "similarity",
    "session_topic",
    "quality",
    "freshness",
    "popularity",
    "trending",
    "creator_affinity",
    "exploration",
    "duration_match",
    "repetition",
    "impression_count",
    "visual_match",
    "music_match",
    "emotional_match",
    "clickbait",
    "emotional_intensity",
    "usefulness",
    "production_quality",
    "information_density",
    "language_match",
    "save_popularity"
  ],
  "hyperparams": {
    "batch_size": 32,
    "epochs": 200,
    "init_sd": 0.01,
    "l2": 0.0001,
    "learning_rate": 0.1,
    "seed": 4242
  },
  "model_schema_version": 1,
  "model_type": "logistic_regression",
  "n_train": 88842,
  "scaler_mean": [
    0.8134802320861694,
    0.8398983014114831,
    0.7543329658831447,
    0.9950937032259529,
    0.7731564212309504,
    0.6043787101258457,
    0.010071700321919138,
    0.0,
    0.8799595605119312,
    0.2596143916390301,
    0.5722408064541711,
    0.5182095163661306,
    0.5169450521262442,
    0.5682659791540079,
    0.22835777556785267,
    0.5456770149703623,
    0.4348271517075151,
    0.7832126624569155,
    0.43899930750100913,
    0.4595011368496882,
    0.0
  ],
  "scaler_std": [
    0.04643974649608292,
    0.12086594816946368,
    0.14782454798185463,
    0.033001716552860196,
    0.19643704352184055,
    0.08365876033769144,
    0.04929336136834075,
    1.0,
    0.1805863283748054,
    0.24528361623150208,
    0.16067464534684806,
    0.09791870067255516,
    0.08801427470142117,
    0.12707145343685297,
    0.2868538596989272,
    0.1697957272289427,
    0.24942982478349957,
    0.17318056802815188,
    0.2205808987063088,
    0.49835714310525747,
    1.0
  ],
  "target": "shared",
  "weights": [
    -0.05609610820362467,
    0.023585614873106703,
    0.0350623665651029,
    0.024474859155621465,
    0.1604539236022478,
    0.03996758947238367,
    0.020399107537764947,
    2.7966963169099744e-05,
    -0.043533036039764356,
    -0.10488377212434276,
    -0.03297235668701229,
    -0.029844245896579205,
    0.059717676571502565,
    0.07057697664173643,
    -0.020939940398885866,
    0.03720127451422669,
    0.09413707230629802,
    -0.06675887523945721,
    -0.004819310504418614,
    -0.06047723698828378,
    4.252396359239889e-05
  ]
}
