{
  "bias": 2.1629966434827463,
  "feature_names": [
    "similarity",
    "session_topic",
    "quality",
    "freshness",
    "popularity",
    "trending",
    "creator_affinity",
    "exploration",
    "duration_match",
    "repetition",
    "impression_count",
    "visual_match",
    "music_match",
    "emotional_match",
    "clickbait",
    "emotional_intensity",
    "usefulness",
    "production_quality",
    "information_density",
    "language_match",
    "save_popularity"
  ],
  "hyperparams": {
    "batch_size": 32,
    "epochs": 200,
    "init_sd": 0.01,
    "l2": 0.0001,
    "learning_rate": 0.1,
    "seed": 4242
  },
  "model_schema_version": 1,
  "model_type": "logistic_regression",
  "n_train": 88842,
  "scaler_mean": [
    0.8134802320861694,
    0.8398983014114831,
    0.7543329658831447,
    0.9950937032259529,
    0.7731564212309504,
    0.6043787101258457,
    0.010071700321919138,
    0.0,
    0.8799595605119312,
    0.2596143916390301,
    0.5722408064541711,
    0.5182095163661306,
    0.5169450521262442,
    0.5682659791540079,
    0.22835777556785267,
    0.5456770149703623,
    0.4348271517075151,
    0.7832126624569155,
    0.43899930750100913,
    0.4595011368496882,
    0.0
  ],
  "scaler_std": [
    0.04643974649608292,
    0.12086594816946368,
    0.14782454798185463,
    0.033001716552860196,
    0.19643704352184055,
    0.08365876033769144,
    0.04929336136834075,
    1.0,
    0.1805863283748054,
    0.24528361623150208,
    0.16067464534684806,
    0.09791870067255516,
    0.08801427470142117,
    0.12707145343685297,
    0.2868538596989272,
    0.1697957272289427,
    0.24942982478349957,
    0.17318056802815188,
    0.2205808987063088,
    0.49835714310525747,
    1.0
  ],
  "target": "completed",
  "weights": [
    -0.36705936957729995,
    0.10000013484439532,
    -0.012339525916373094,
    0.014503201872312762,
    0.37770748252673764,
    0.17596916040565982,
    -0.008552906499484633,
    2.7966963169099744e-05,
    0.289001240652393,
    -0.0923015304605404,
    0.07822000791425543,
    -0.027424466987173178,
    -0.04785492799217527,
    0.014234672142904116,
    0.19596946191969108,
    0.0745933220691245,
    -0.1047883576333564,
    0.005901852878263195,
    0.15629625415974227,
    0.022594477833218118,
    4.252396359239889e-05
  ]
}
