{
  "bias": 2.470878409651469,
  "feature_names": [
    "similarity",
    "session_topic",
    "quality",
    "freshness",
    "popularity",
    "trending",
    "creator_affinity",
    "exploration",
    "duration_match",
    "repetition",
    "impression_count",
    "visual_match",
    "music_match",
    "emotional_match",
    "clickbait",
    "emotional_intensity",
    "usefulness",
    "production_quality",
    "information_density",
    "language_match",
    "save_popularity"
  ],
  "hyperparams": {
    "batch_size": 32,
    "epochs": 200,
    "init_sd": 0.01,
    "l2": 0.0001,
    "learning_rate": 0.1,
    "seed": 4242
  },
  "model_schema_version": 1,
  "model_type": "linear_regression",
  "n_train": 1818,
  "scaler_mean": [
    0.8134450445544567,
    0.8418236314631476,
    0.7554850929592964,
    0.9971683536853687,
    0.7802107079207908,
    0.60616090209021,
    0.008525852585258502,
    0.0,
    0.8632888745874587,
    0.26820890374037554,
    0.5725086287128719,
    0.5147984493949396,
    0.5167818415841582,
    0.5658924966996695,
    0.21516034048404875,
    0.5440314378437825,
    0.43474364466446735,
    0.7908926584158378,
    0.4454449097909795,
    0.47964796479647964,
    0.0
  ],
  "scaler_std": [
    0.04811507319789763,
    0.11795802758158007,
    0.14670694058309053,
    0.023970455039430245,
    0.19632723974999006,
    0.08199578666902502,
    0.04596029092102016,
    1.0,
    0.19442473375201766,
    0.25277247248730134,
    0.16106386970715741,
    0.09461699711095058,
    0.08676910672575755,
    0.13009536820331152,
    0.2746498042505013,
    0.16445409619643853,
    0.24751611374758084,
    0.17023716591142077,
    0.22636626960360667,
    0.49958562295474357,
    1.0
  ],
  "target": "satisfaction",
  "weights": [
    -0.12080343466059708,
    0.11678219655238258,
    -0.10837518234044301,
    0.04803467741541312,
    0.20575336536177893,
    0.10034842736031797,
    0.010506181911448566,
    0.006444943358694481,
    -0.15635719538801426,
    -0.37320004065760165,
    0.05382605299987205,
    0.0950368501759631,
    0.058997100582752295,
    0.07863817973926528,
    -0.18088509584285706,
    -0.041134485581165815,
    0.19566620259762776,
    -0.03432386603646289,
    -0.1021986537216825,
    -0.06482639953005719,
    0.009799581566403098
  ]
}
