{
  "bias": -2.549573040083389,
  "feature_names": [
    "similarity",
    "session_topic",
    "quality",
    "freshness",
    "popularity",
    "trending",
    "creator_affinity",
    "exploration",
    "duration_match",
    "repetition",
    "impression_count",
    "visual_match",
    "music_match",
    "emotional_match",
    "clickbait",
    "emotional_intensity",
    "usefulness",
    "production_quality",
    "information_density",
    "language_match",
    "save_popularity"
  ],
  "hyperparams": {
    "batch_size": 32,
    "epochs": 200,
    "init_sd": 0.01,
    "l2": 0.0001,
    "learning_rate": 0.1,
    "seed": 4242
  },
  "model_schema_version": 1,
  "model_type": "logistic_regression",
  "n_train": 89738,
  "scaler_mean": [
    0.8129330673738995,
    0.8414624231206281,
    0.7571337049520607,
    0.9963417228153086,
    0.7777290559517807,
    0.6067842077269335,
    0.008096681450444178,
    0.0,
    0.8659831358844576,
    0.2709465445852983,
    0.5763278563373447,
    0.518568267356081,
    0.5155547275847474,
    0.5713729844324684,
    0.22168883310303195,
    0.5443702767054437,
    0.43570680304886505,
    0.7892256976419911,
    0.4396584727986344,
    0.4781252089415855,
    0.0
  ],
  "scaler_std": [
    0.04768636006146566,
    0.11828711466745409,
    0.14757191954269516,
    0.026092179194499503,
    0.19456057935294654,
    0.08218011477527529,
    0.04370389522070321,
    1.0,
    0.18923985930565065,
    0.2489275635525859,
    0.16410359635812952,
    0.09698243803530772,
    0.08617863546634026,
    0.12919235267504475,
    0.2777670334644398,
    0.1650611770396701,
    0.2525188804539667,
    0.16963239596664068,
    0.22080126309344003,
    0.4995212643286595,
    1.0
  ],
  "target": "shared",
  "weights": [
    -0.08240962994853346,
    0.09946214877397083,
    0.07270584504992897,
    0.044792532834963456,
    0.08422661730268391,
    0.11737383803799459,
    -0.01327097026124195,
    2.6443850784060506e-05,
    -0.05000080040421116,
    -0.1594527226277535,
    0.037176867916614,
    0.05448033429422954,
    -0.03712191038161737,
    0.042595730420592774,
    -0.04493631632840024,
    -0.07550291438970606,
    0.07413400866445324,
    0.01107930384768463,
    0.0642911731974928,
    0.10669860109162671,
    4.020806053145792e-05
  ]
}
