{
  "bias": -1.2216367545950912,
  "feature_names": [
    "similarity",
    "session_topic",
    "quality",
    "freshness",
    "popularity",
    "trending",
    "creator_affinity",
    "exploration",
    "duration_match",
    "repetition",
    "impression_count",
    "visual_match",
    "music_match",
    "emotional_match",
    "clickbait",
    "emotional_intensity",
    "usefulness",
    "production_quality",
    "information_density",
    "language_match",
    "save_popularity"
  ],
  "hyperparams": {
    "batch_size": 32,
    "epochs": 200,
    "init_sd": 0.01,
    "l2": 0.0001,
    "learning_rate": 0.1,
    "seed": 4242
  },
  "model_schema_version": 1,
  "model_type": "logistic_regression",
  "n_train": 89738,
  "scaler_mean": [
    0.8129330673738995,
    0.8414624231206281,
    0.7571337049520607,
    0.9963417228153086,
    0.7777290559517807,
    0.6067842077269335,
    0.008096681450444178,
    0.0,
    0.8659831358844576,
    0.2709465445852983,
    0.5763278563373447,
    0.518568267356081,
    0.5155547275847474,
    0.5713729844324684,
    0.22168883310303195,
    0.5443702767054437,
    0.43570680304886505,
    0.7892256976419911,
    0.4396584727986344,
    0.4781252089415855,
    0.0
  ],
  "scaler_std": [
    0.04768636006146566,
    0.11828711466745409,
    0.14757191954269516,
    0.026092179194499503,
    0.19456057935294654,
    0.08218011477527529,
    0.04370389522070321,
    1.0,
    0.18923985930565065,
    0.2489275635525859,
    0.16410359635812952,
    0.09698243803530772,
    0.08617863546634026,
    0.12919235267504475,
    0.2777670334644398,
    0.1650611770396701,
    0.2525188804539667,
    0.16963239596664068,
    0.22080126309344003,
    0.4995212643286595,
    1.0
  ],
  "target": "session_exit",
  "weights": [
    -0.20917036876203832,
    0.12062617390662309,
    -0.2026750008361381,
    -0.06520887690830521,
    -0.4185515849633974,
    -0.10703301189619423,
    -0.033070391417448504,
    2.6443850784060506e-05,
    0.08285958228898692,
    0.39299027330842556,
    0.04854309401290444,
    -0.022670261688760084,
    -0.05461806561477935,
    -0.11840295595874906,
    0.1524576064375518,
    0.05585458755136967,
    -0.154104750088318,
    0.009824344257932816,
    0.07171687814135068,
    0.034007071914971196,
    4.020806053145792e-05
  ]
}
