round,mean_unique_topics,mean_unique_creators,mean_intra_list_similarity,mean_topic_hhi,mean_creator_hhi,repetition_rate
0,2.000000,9.996900,0.611736,0.653546,0.100062,0.000000
1,1.863300,9.714300,0.732075,0.799896,0.105800,0.000000
2,1.678300,9.042800,0.764471,0.844050,0.121754,0.000000
3,1.596400,8.387800,0.788737,0.863198,0.151472,0.000000
4,1.749500,8.117000,0.781025,0.837628,0.163306,0.000000
5,1.819300,7.612400,0.778899,0.824686,0.184798,0.000000
6,1.778300,7.477300,0.785607,0.830224,0.192378,0.000000
7,1.815100,7.583900,0.784445,0.824744,0.175984,0.000000
8,2.045400,7.240900,0.763402,0.785748,0.189202,0.000000
9,2.029900,6.971300,0.766778,0.788616,0.206564,0.000000
10,2.106100,7.621500,0.746724,0.770108,0.181158,0.000000
11,2.346700,8.078500,0.711464,0.729662,0.160856,0.000000
12,2.194600,7.915200,0.729170,0.740816,0.166818,0.000000
13,2.263700,7.623900,0.728981,0.729976,0.181188,0.000000
14,2.125800,7.116300,0.736698,0.746738,0.209816,0.000000
15,1.990900,7.038200,0.751469,0.768240,0.208792,0.000000
16,1.930900,6.859900,0.759085,0.782944,0.210736,0.000000
17,1.782100,6.539800,0.781856,0.816422,0.230372,0.000000
18,1.776000,6.249100,0.794831,0.824978,0.252628,0.000000
19,1.709700,5.993400,0.805975,0.844848,0.270136,0.000000
