round,samples,recall_at_10,recall_at_50,mean_distance_error
0,191,0.400000,0.380000,0.010062
1,214,0.597196,0.522804,0.015485
2,235,0.628511,0.554638,0.014313
3,204,0.666667,0.585588,0.011415
4,193,0.663731,0.609741,0.011690
5,229,0.775546,0.690568,0.006793
6,183,0.766120,0.699344,0.007488
7,203,0.756158,0.695665,0.010899
8,200,0.755000,0.709100,0.009718
9,190,0.810526,0.749789,0.006525
10,215,0.812093,0.770233,0.007019
11,190,0.833684,0.791474,0.005681
12,187,0.844385,0.795401,0.007377
13,226,0.903982,0.864690,0.002531
14,182,0.874725,0.842308,0.005479
15,212,0.875943,0.844340,0.005991
16,214,0.869626,0.837757,0.005706
17,233,0.900000,0.865751,0.006239
18,200,0.877500,0.845900,0.007729
19,192,0.855729,0.830625,0.009951
