archetype_index,archetype_name,impressions,exposure_share,mean_immediate_satisfaction,mean_regret
0,genuinely_satisfying,576284,0.434173,0.332431,0.001206
1,useful,378473,0.285142,0.337369,0.001216
2,ragebait,179,0.000135,0.232983,0.257911
3,clickbait,2903,0.002187,0.220674,0.240472
4,comfort,52957,0.039898,0.261177,0.000478
5,polished_irrelevant,4016,0.003026,0.217576,0.114398
6,niche_treasure,291435,0.219568,0.590412,0.000259
7,background_music,21066,0.015871,0.233692,0.000356
